<?xml version="1.0" encoding="UTF-8"?>
<project-private xmlns="http://www.netbeans.org/ns/project-private/1">
    <editor-bookmarks xmlns="http://www.netbeans.org/ns/editor-bookmarks/2" lastBookmarkId="0"/>
    <open-files xmlns="http://www.netbeans.org/ns/projectui-open-files/2">
        <group>
            <file>file:/Users/Mari/Documents/TEC/Carrera/2022/Semestre%20I%202022/POO/TareaCorta3/src/tareacorta3/Rectangulo.java</file>
            <file>file:/Users/Mari/Documents/TEC/Carrera/2022/Semestre%20I%202022/POO/TareaCorta3/src/tareacorta3/Circulo.java</file>
            <file>file:/Users/Mari/Documents/TEC/Carrera/2022/Semestre%20I%202022/POO/TareaCorta3/src/tareacorta3/Figura.java</file>
            <file>file:/Users/Mari/Documents/TEC/Carrera/2022/Semestre%20I%202022/POO/TareaCorta3/src/tareacorta3/Triangulo.java</file>
            <file>file:/Users/Mari/Documents/TEC/Carrera/2022/Semestre%20I%202022/POO/TareaCorta3/src/tareacorta3/Geometrias.java</file>
        </group>
    </open-files>
</project-private>
